layer,type,handle,closed,x,y,x2,y2,radius,text,vertices
COL-L,LINE,1121,,-12612.0606,-76584.8455,-12522.0606,-76584.8455,,,
COL-L,LINE,1120,,-12612.0606,-76469.8455,-12612.0606,-76584.8455,,,
COL-L,LINE,111F,,-12522.0606,-76469.8455,-12612.0606,-76469.8455,,,
COL-L,LINE,111E,,-12522.0606,-76584.8455,-12522.0606,-76469.8455,,,
COL-L,LINE,111D,,-12582.0606,-77364.8456,-12492.0606,-77364.8456,,,
COL-L,LINE,111C,,-12582.0606,-77254.8456,-12582.0606,-77364.8456,,,
COL-L,LINE,111B,,-12492.0606,-77254.8456,-12582.0606,-77254.8456,,,
COL-L,LINE,111A,,-12492.0606,-77364.8456,-12492.0606,-77254.8456,,,
COL-L,LINE,1119,,-12582.0606,-78199.8456,-12472.0606,-78199.8456,,,
COL-L,LINE,1118,,-12582.0606,-78109.8456,-12582.0606,-78199.8456,,,
COL-L,LINE,1117,,-12472.0606,-78109.8456,-12582.0606,-78109.8456,,,
COL-L,LINE,1116,,-12472.0606,-78199.8456,-12472.0606,-78109.8456,,,
COL-L,LINE,1115,,-12582.0606,-78975.8456,-12492.0606,-78975.8456,,,
COL-L,LINE,1114,,-12582.0606,-78870.8456,-12582.0606,-78975.8456,,,
COL-L,LINE,1113,,-12492.0606,-78870.8456,-12582.0606,-78870.8456,,,
COL-L,LINE,1112,,-12492.0606,-78975.8456,-12492.0606,-78870.8456,,,
COL-L,LINE,1111,,-13367.0606,-76529.8456,-13277.0606,-76529.8456,,,
COL-L,LINE,1110,,-13367.0606,-76409.8456,-13367.0606,-76529.8456,,,
COL-L,LINE,110F,,-13277.0606,-76409.8456,-13367.0606,-76409.8456,,,
COL-L,LINE,110E,,-13277.0606,-76529.8456,-13277.0606,-76409.8456,,,
COL-L,LINE,110D,,-13377.0606,-77389.8456,-13277.0606,-77389.8456,,,
COL-L,LINE,110C,,-13377.0606,-77289.8456,-13377.0606,-77389.8456,,,
COL-L,LINE,110B,,-13277.0606,-77289.8456,-13377.0606,-77289.8456,,,
COL-L,LINE,110A,,-13277.0606,-77389.8456,-13277.0606,-77289.8456,,,
COL-L,LINE,1109,,-13357.0606,-78199.8456,-13247.0606,-78199.8456,,,
COL-L,LINE,1108,,-13357.0606,-78109.8456,-13357.0606,-78199.8456,,,
COL-L,LINE,1107,,-13247.0606,-78109.8456,-13357.0606,-78109.8456,,,
COL-L,LINE,1106,,-13247.0606,-78199.8456,-13247.0606,-78109.8456,,,
COL-L,LINE,1105,,-13407.0606,-78994.8456,-13297.0606,-78994.8456,,,
COL-L,LINE,1104,,-13407.0606,-78904.8456,-13407.0606,-78994.8456,,,
COL-L,LINE,1103,,-13297.0606,-78904.8456,-13407.0606,-78904.8456,,,
COL-L,LINE,1102,,-13297.0606,-78994.8456,-13297.0606,-78904.8456,,,
COL-L,LINE,1101,,-14237.0606,-76529.8456,-14147.0606,-76529.8456,,,
COL-L,LINE,1100,,-14237.0606,-76409.8456,-14237.0606,-76529.8456,,,
COL-L,LINE,10FF,,-14147.0606,-76409.8456,-14237.0606,-76409.8456,,,
COL-L,LINE,10FE,,-14147.0606,-76529.8456,-14147.0606,-76409.8456,,,
COL-L,LINE,10FD,,-14247.0606,-77389.8456,-14157.0606,-77389.8456,,,
COL-L,LINE,10FC,,-14247.0606,-77279.8456,-14247.0606,-77389.8456,,,
COL-L,LINE,10FB,,-14157.0606,-77279.8456,-14247.0606,-77279.8456,,,
COL-L,LINE,10FA,,-14157.0606,-77389.8456,-14157.0606,-77279.8456,,,
COL-L,LINE,10F9,,-14217.0606,-78199.8456,-14107.0606,-78199.8456,,,
COL-L,LINE,10F8,,-14217.0606,-78109.8456,-14217.0606,-78199.8456,,,
COL-L,LINE,10F7,,-14107.0606,-78109.8456,-14217.0606,-78109.8456,,,
COL-L,LINE,10F6,,-14107.0606,-78199.8456,-14107.0606,-78109.8456,,,
COL-L,LINE,10F5,,-14217.0606,-78994.8456,-14127.0606,-78994.8456,,,
COL-L,LINE,10F4,,-14217.0606,-78884.8456,-14217.0606,-78994.8456,,,
COL-L,LINE,10F3,,-14127.0606,-78884.8456,-14217.0606,-78884.8456,,,
COL-L,LINE,10F2,,-14127.0606,-78994.8456,-14127.0606,-78884.8456,,,
COL-L,LINE,10F1,,-15137.0606,-76569.8456,-15037.0606,-76569.8456,,,
COL-L,LINE,10F0,,-15137.0606,-76469.8456,-15137.0606,-76569.8456,,,
COL-L,LINE,10EF,,-15037.0606,-76469.8456,-15137.0606,-76469.8456,,,
COL-L,LINE,10EE,,-15037.0606,-76569.8456,-15037.0606,-76469.8456,,,
COL-L,LINE,10ED,,-15137.0606,-77369.8456,-15047.0606,-77369.8456,,,
COL-L,LINE,10EC,,-15137.0606,-77259.8456,-15137.0606,-77369.8456,,,
COL-L,LINE,10EB,,-15047.0606,-77259.8456,-15137.0606,-77259.8456,,,
COL-L,LINE,10EA,,-15047.0606,-77369.8456,-15047.0606,-77259.8456,,,
COL-L,LINE,10E9,,-15137.0606,-78199.8456,-15047.0606,-78199.8456,,,
COL-L,LINE,10E8,,-15137.0606,-78109.8456,-15137.0606,-78199.8456,,,
COL-L,LINE,10E7,,-15047.0606,-78109.8456,-15137.0606,-78109.8456,,,
COL-L,LINE,10E6,,-15047.0606,-78199.8456,-15047.0606,-78109.8456,,,
COL-L,LINE,10E5,,-15137.0606,-78946.8456,-15047.0606,-78946.8456,,,
COL-L,LINE,10E4,,-15137.0606,-78841.8456,-15137.0606,-78946.8456,,,
COL-L,LINE,10E3,,-15047.0606,-78841.8456,-15137.0606,-78841.8456,,,
COL-L,LINE,10E2,,-15047.0606,-78946.8456,-15047.0606,-78841.8456,,,
COL-L,LINE,10E1,,-12582.0606,-79667.3456,-12492.0606,-79667.3456,,,
COL-L,LINE,10E0,,-12582.0606,-79557.3456,-12582.0606,-79667.3456,,,
COL-L,LINE,10DF,,-12492.0606,-79557.3456,-12582.0606,-79557.3456,,,
COL-L,LINE,10DE,,-12492.0606,-79667.3456,-12492.0606,-79557.3456,,,
COL-L,LINE,10DD,,-13387.0606,-79692.3456,-13297.0606,-79692.3456,,,
COL-L,LINE,10DC,,-13387.0606,-79582.3456,-13387.0606,-79692.3456,,,
COL-L,LINE,10DB,,-13297.0606,-79582.3456,-13387.0606,-79582.3456,,,
COL-L,LINE,10DA,,-13297.0606,-79692.3456,-13297.0606,-79582.3456,,,
COL-L,LINE,10D9,,-14197.0606,-79692.3456,-14107.0606,-79692.3456,,,
COL-L,LINE,10D8,,-14197.0606,-79582.3456,-14197.0606,-79692.3456,,,
COL-L,LINE,10D7,,-14107.0606,-79582.3456,-14197.0606,-79582.3456,,,
COL-L,LINE,10D6,,-14107.0606,-79692.3456,-14107.0606,-79582.3456,,,
COL-L,LINE,10D5,,-15047.0606,-79602.3456,-15157.0606,-79602.3456,,,
COL-L,LINE,10D4,,-15047.0606,-79692.3456,-15047.0606,-79602.3456,,,
COL-L,LINE,10D3,,-15157.0606,-79692.3456,-15047.0606,-79692.3456,,,
COL-L,LINE,10D2,,-15157.0606,-79602.3456,-15157.0606,-79692.3456,,,
AN-COL,TEXT,12C4,,-12445.8745,-79528.5695,,,,C4,
AN-COL,TEXT,127D,,-15226.2123,-78936.7158,,,,C5,
AN-COL,TEXT,127B,,-12445.8745,-79020.3415,,,,C8,
AN-COL,TEXT,1279,,-15209.3018,-78091.2303,,,,C9,
AN-COL,TEXT,1277,,-12445.8745,-78093.4868,,,,C12,
AN-COL,TEXT,1275,,-15254.6974,-77411.3889,,,,C13,
AN-COL,TEXT,1273,,-12486.9397,-77413.6453,,,,C16,
AN-COL,TEXT,126F,,-13259.663,-77418.6228,,,,C15,
AN-COL,TEXT,126C,,-15254.6974,-76587.3163,,,,C17,
AN-COL,TEXT,10A4,,-12516.9403,-76589.5728,,,,C20,
AN-COL,TEXT,1097,,-14140.0921,-77448.2849,,,,C14,
AN-COL,TEXT,1094,,-14291.7837,-79040.2692,,,,C6,
AN-COL,TEXT,1092,,-13468.0926,-79503.8728,,,,C3,
AN-COL,TEXT,1090,,-14339.4062,-76587.3163,,,,C18,
AN-COL,TEXT,108E,,-13270.6209,-78258.577,,,,C11,
AN-COL,TEXT,108C,,-13480.2376,-79039.8118,,,,C7,
AN-COL,TEXT,108A,,-15025.7432,-79524.8293,,,,C1,
AN-COL,TEXT,1088,,-13259.663,-76594.5502,,,,C19,
AN-COL,TEXT,1086,,-13258.6012,-77209.1494,,,,C15,
AN-COL,TEXT,1084,,-14323.5325,-78247.3938,,,,C10,
AN-COL,TEXT,1082,,-14115.1209,-79500.946,,,,C2,
A5-COL,TEXT,12C5,,-12447.3826,-79585.5393,,,,(90x110),
A5-COL,TEXT,127E,,-15318.3312,-78993.6856,,,,(90x105),
A5-COL,TEXT,127C,,-12447.3826,-79077.3113,,,,(90x105),
A5-COL,TEXT,127A,,-15303.1351,-78148.2001,,,,(100x90),
A5-COL,TEXT,1278,,-12447.3826,-78150.4566,,,,(100x90),
A5-COL,TEXT,1276,,-15314.7211,-77468.3587,,,,(90x110),
A5-COL,TEXT,1274,,-12488.4478,-77470.6151,,,,(90x110),
A5-COL,TEXT,1270,,-13284.4968,-77475.5926,,,,(100x100),
A5-COL,TEXT,126D,,-15338.0545,-76644.2861,,,,(100x100),
A5-COL,TEXT,10A5,,-12518.4484,-76646.5426,,,,(90x115),
A5-COL,TEXT,1098,,-14142.0124,-77505.2547,,,,(90x110),
A5-COL,TEXT,1095,,-14373.8809,-79086.4177,,,,(90x110),
A5-COL,TEXT,1093,,-13548.6605,-79560.8426,,,,(90x110),
A5-COL,TEXT,1091,,-14404.0965,-76644.2861,,,,(90x120),
A5-COL,TEXT,108F,,-13274.9407,-78315.5468,,,,(110x90),
A5-COL,TEXT,108D,,-13560.7489,-79088.7647,,,,(110x90),
A5-COL,TEXT,108B,,-15028.5917,-79581.7991,,,,(110x90),
A5-COL,TEXT,1089,,-13265.8301,-76651.52,,,,(90x120),
A5-COL,TEXT,1087,,-13263.4192,-77266.1192,,,,(100x100),
A5-COL,TEXT,1085,,-14386.6884,-78304.3636,,,,(110x90),
A5-COL,TEXT,1083,,-14117.3962,-79557.9158,,,,(90x110),
